timestamp,student_name,action_type,response_time_ms,avg_response_time,std_response_time,error_rate,active_users,anomalies
2026-10-04 02:37:28,Takhmina Iztileuova,login_attempt,179,179.0,0.0,0.0,1,[]
2026-10-04 02:37:28,Symbat Salim,quiz_submit,164,171.5,7.5,0.0,2,[]
2026-10-04 02:37:28,Symbat Salim,assignment_download,221,188.0,24.124676163629637,0.0,2,[]
2026-10-04 02:37:28,Symbat Salim,login_attempt,216,195.0,24.155744658362327,0.0,2,[]
2026-10-04 02:37:28,Almat Kobeibek,video_view,169,189.8,23.978323544401512,0.0,3,[]
2026-10-04 02:37:28,Nazar Nurzhankyzy,quiz_submit,191,190.0,21.8936824982307,0.0,4,[]
2026-10-04 02:37:28,Zhaniya Askarkyzy,login_attempt,171,187.28571428571428,21.332164083603796,0.0,5,[]
2026-10-04 02:37:29,Sayat Agzam,video_view,125,179.5,28.679260799399973,0.125,6,[]
2026-10-04 02:37:29,Zhaniya Askarkyzy,assignment_download,113,172.11111111111111,34.17420874299618,0.1111111111111111,6,[]
2026-10-04 02:37:29,Abdanur Ayazbek,quiz_submit,181,173.0,32.52998616661249,0.1,7,[]
2026-10-04 02:37:29,Aiym Samakova,login_attempt,162,172.0,31.176914536239792,0.18181818181818182,8,[]
2026-10-04 02:37:29,Assanali Shakhmetov,login_attempt,138,169.16666666666666,31.293858112344594,0.16666666666666666,9,[]
2026-10-04 02:37:29,Said Aidar,quiz_submit,188,170.6153846153846,30.482122027733066,0.15384615384615385,10,[]
2026-10-04 02:37:29,Nazar Tilegenkyzy,assignment_download,187,171.78571428571428,29.67485364370834,0.14285714285714285,11,[]
2026-10-04 02:37:29,Rizat Litfullin,login_attempt,177,172.13333333333333,28.69812227694039,0.13333333333333333,12,[]
2026-10-04 02:37:29,Aryn Yklas,assignment_download,186,172.6,28.86243232993366,0.13333333333333333,12,[]
2026-10-04 02:37:30,Said Aidar,video_view,112,169.13333333333333,32.57169869005231,0.13333333333333333,12,[]
2026-10-04 02:37:30,Zhaniya Askarkyzy,login_attempt,181,166.46666666666667,29.72959617769621,0.13333333333333333,12,[]
2026-10-04 02:37:30,Aryn Yklas,video_view,174,163.66666666666666,26.762328415558727,0.13333333333333333,11,[]
2026-10-04 02:37:30,Nazar Nurzhankyzy,assignment_download,203,165.93333333333334,28.501383981990923,0.13333333333333333,10,[]
2026-10-04 02:37:30,Nazar Nurzhankyzy,quiz_submit,1449,249.8,321.69472071100785,0.2,10,[]
2026-10-04 02:37:30,Askar Abilkhay,page_view,2137,380.8666666666667,568.6211236159119,0.26666666666666666,11,['CRITICAL: High Error Rate (26.7%)']
2026-10-04 02:37:30,Shapagat Bolatbek,video_view,1901,499.26666666666665,677.4958269654179,0.26666666666666666,11,['CRITICAL: High Error Rate (26.7%)']
2026-10-04 02:37:30,Madiyar Gabit,video_view,2403,651.9333333333333,816.9210869002111,0.3333333333333333,12,"['CRITICAL: High Error Rate (33.3%)', 'WARNING: High Response Time (652 ms)']"
2026-10-04 02:37:30,Ramazan Rakhmettula,assignment_download,1941,769.2666666666667,865.7870767239611,0.4,12,"['CRITICAL: High Error Rate (40.0%)', 'WARNING: High Response Time (769 ms)']"
2026-10-04 02:37:30,Assanali Shakhmetov,quiz_submit,1439,854.4,864.6719454991779,0.4,11,"['CRITICAL: High Error Rate (40.0%)', 'WARNING: High Response Time (854 ms)']"
2026-10-04 02:37:31,Abdanur Ayazbek,assignment_download,128,853.7333333333333,865.2277131227106,0.4,12,"['CRITICAL: High Error Rate (40.0%)', 'WARNING: High Response Time (854 ms)']"
2026-10-04 02:37:31,Olzhas Kolzhabay,video_view,113,848.7333333333333,869.2676969086617,0.4,13,"['CRITICAL: High Error Rate (40.0%)', 'WARNING: High Response Time (849 ms)']"
2026-10-04 02:37:31,Said Aidar,page_view,219,850.8666666666667,867.6788858148437,0.4,12,"['CRITICAL: High Error Rate (40.0%)', 'WARNING: High Response Time (851 ms)']"
2026-10-04 02:37:31,Sayat Agzam,video_view,207,852.8666666666667,866.1565575704095,0.4,12,"['CRITICAL: High Error Rate (40.0%)', 'WARNING: High Response Time (853 ms)']"
2026-10-04 02:37:31,Askar Abilkhay,page_view,160,851.1333333333333,867.5142931899675,0.4,12,"['CRITICAL: High Error Rate (40.0%)', 'WARNING: High Response Time (851 ms)']"
2026-10-04 02:37:31,Said Aidar,video_view,164,854.6,864.6529014581516,0.4666666666666667,12,"['CRITICAL: High Error Rate (46.7%)', 'WARNING: High Response Time (855 ms)']"
2026-10-04 02:37:31,Dana Karymsakova,login_attempt,163,853.4,865.5988909419882,0.4666666666666667,12,"['CRITICAL: High Error Rate (46.7%)', 'WARNING: High Response Time (853 ms)']"
2026-10-04 02:37:31,Nazerke Akhpanbayeva,login_attempt,166,852.8666666666667,866.0196969789748,0.4666666666666667,12,"['CRITICAL: High Error Rate (46.7%)', 'WARNING: High Response Time (853 ms)']"
2026-10-04 02:37:32,Rizat Litfullin,quiz_submit,160,850.0,868.2344537431503,0.4666666666666667,13,"['CRITICAL: High Error Rate (46.7%)', 'WARNING: High Response Time (850 ms)']"
2026-10-04 02:37:32,Ramazan Rakhmettula,quiz_submit,1012,820.8666666666667,854.8753411397996,0.4,12,"['CRITICAL: High Error Rate (40.0%)', 'WARNING: High Response Time (821 ms)']"
2026-10-04 02:37:32,Shapagat Bolatbek,assignment_download,784,730.6666666666666,779.285541733937,0.3333333333333333,12,"['CRITICAL: High Error Rate (33.3%)', 'WARNING: High Response Time (731 ms)']"
2026-10-04 02:37:32,Symbat Salim,video_view,1326,692.3333333333334,733.5752328304318,0.26666666666666666,13,"['CRITICAL: High Error Rate (26.7%)', 'WARNING: High Response Time (692 ms)']"
2026-10-04 02:37:32,Said Aidar,page_view,1479,630.7333333333333,616.8487082655591,0.2,12,['WARNING: High Response Time (631 ms)']
2026-10-04 02:37:32,Nazar Nurzhankyzy,login_attempt,158,511.8666666666667,516.5445274987326,0.13333333333333333,13,[]
2026-10-04 02:37:32,Madiyar Gabit,quiz_submit,170,427.26666666666665,458.4185084493087,0.06666666666666667,13,[]
2026-10-04 02:37:32,Almat Kobeibek,quiz_submit,129,427.3333333333333,458.3750526467261,0.06666666666666667,13,[]
2026-10-04 02:37:32,Madiyar Gabit,video_view,183,432.0,455.4984083396999,0.06666666666666667,12,[]
2026-10-04 02:37:32,Shapagat Bolatbek,assignment_download,181,429.46666666666664,456.7798691808658,0.06666666666666667,12,[]
2026-10-04 02:37:33,Assanali Shakhmetov,assignment_download,219,430.26666666666665,456.39989288147547,0.06666666666666667,12,[]
2026-10-04 02:37:33,Madiyar Gabit,video_view,142,429.06666666666666,457.1319964979724,0.06666666666666667,11,[]
2026-10-04 02:37:33,Askar Abilkhay,video_view,146,427.8666666666667,457.8493007772559,0.0,12,[]
2026-10-04 02:37:33,Said Aidar,login_attempt,191,429.73333333333335,456.821550377047,0.0,11,[]
2026-10-04 02:37:33,Ramazan Rakhmettula,page_view,173,430.2,456.5553927692309,0.0,10,[]
2026-10-04 02:37:33,Almat Kobeibek,video_view,191,432.26666666666665,455.39630604074466,0.0,9,[]
